code,system
44821104,ICD10CM
44824490,ICD10CM
44821104,ICD10CM
44824490,ICD10CM
72398,ICD10CM
72398,ICD10CM
44821104,ICD10CM
44824490,ICD10CM
44821104,ICD10CM
44824490,ICD10CM
72398,ICD10CM
72398,ICD10CM
44821105,ICD10CM
44824489,ICD10CM
44824489,ICD10CM
44821105,ICD10CM
44821105,ICD10CM
44824489,ICD10CM
44824489,ICD10CM
44821105,ICD10CM
44823335,ICD10CM
44823335,ICD10CM
44823335,ICD10CM
44823335,ICD10CM
44826857,ICD10CM
44826857,ICD10CM
44826857,ICD10CM
44826857,ICD10CM
44829189,ICD10CM
44829189,ICD10CM
44829189,ICD10CM
44829189,ICD10CM
44832616,ICD10CM
44832616,ICD10CM
44832616,ICD10CM
44832616,ICD10CM
44833807,ICD10CM
44833807,ICD10CM
72399,ICD10CM
72399,ICD10CM
44833807,ICD10CM
44833807,ICD10CM
72399,ICD10CM
72399,ICD10CM
44837318,ICD10CM
44837318,ICD10CM
44837318,ICD10CM
44837318,ICD10CM
44837319,ICD10CM
44837319,ICD10CM
44837319,ICD10CM
44837319,ICD10CM
4070155,ICD10CM
4070155,ICD10CM
4070155,ICD10CM
4070155,ICD10CM
4138971,ICD10CM
4138971,ICD10CM
4138971,ICD10CM
4138971,ICD10CM
4176016,ICD10CM
74720,ICD10CM
76778,ICD10CM
81100,ICD10CM
81656,ICD10CM
81656,ICD10CM
81100,ICD10CM
76778,ICD10CM
74720,ICD10CM
4176016,ICD10CM
4176016,ICD10CM
74720,ICD10CM
76778,ICD10CM
81100,ICD10CM
81656,ICD10CM
81656,ICD10CM
81100,ICD10CM
76778,ICD10CM
74720,ICD10CM
4176016,ICD10CM
4176931,ICD10CM
4176931,ICD10CM
4176931,ICD10CM
4176931,ICD10CM
4202809,ICD10CM
4202809,ICD10CM
4202809,ICD10CM
4202809,ICD10CM
4203452,ICD10CM
4211990,ICD10CM
4203452,ICD10CM
4211990,ICD10CM
4203452,ICD10CM
4211990,ICD10CM
4203452,ICD10CM
4211990,ICD10CM
4293711,ICD10CM
4293711,ICD10CM
4293711,ICD10CM
4293711,ICD10CM
4343930,ICD10CM
4347061,ICD10CM
4347061,ICD10CM
4343930,ICD10CM
4343930,ICD10CM
4347061,ICD10CM
4347061,ICD10CM
4343930,ICD10CM